{
  "dependencies": {
    "mssql2": {
      "resourceId": "/subscriptions/[parameters('subscriptionId')]/resourceGroups/[parameters('resourceGroupName')]/providers/Microsoft.Sql/servers/assignment3-maxcs526/databases/ImageMetadata",
      "type": "mssql.azure",
      "connectionId": "ConnectionStrings:ApplicationDb",
      "secretStore": "AzureAppSettings"
    },
    "storage1": {
      "resourceId": "/subscriptions/[parameters('subscriptionId')]/resourceGroups/[parameters('resourceGroupName')]/providers/Microsoft.Storage/storageAccounts/imagestorage3",
      "type": "storage.azure",
      "connectionId": "ConnectionStrings:LogEntryDb",
      "secretStore": "AzureAppSettings"
    },
    "storage2": {
      "resourceId": "/subscriptions/[parameters('subscriptionId')]/resourceGroups/[parameters('resourceGroupName')]/providers/Microsoft.Storage/storageAccounts/imagestorage3",
      "type": "storage.azure",
      "connectionId": "ConnectionStrings:ImageDb",
      "secretStore": "AzureAppSettings"
    },
    "mssql1": {
      "resourceId": "/subscriptions/[parameters('subscriptionId')]/resourceGroups/[parameters('resourceGroupName')]/providers/Microsoft.Sql/servers/assignment3-maxcs526/databases/ImageMetadata",
      "type": "mssql.azure",
      "connectionId": "DefaultConnection",
      "secretStore": "AzureAppSettings"
    }
  }
}